-- phpMyAdmin SQL Dump
-- version 4.0.4
-- http://www.phpmyadmin.net
--
-- Host: localhost
-- Generation Time: Mar 24, 2014 at 11:25 AM
-- Server version: 5.6.12-log
-- PHP Version: 5.4.12

SET SQL_MODE = "NO_AUTO_VALUE_ON_ZERO";
SET time_zone = "+00:00";


/*!40101 SET @OLD_CHARACTER_SET_CLIENT=@@CHARACTER_SET_CLIENT */;
/*!40101 SET @OLD_CHARACTER_SET_RESULTS=@@CHARACTER_SET_RESULTS */;
/*!40101 SET @OLD_COLLATION_CONNECTION=@@COLLATION_CONNECTION */;
/*!40101 SET NAMES utf8 */;

--
-- Database: `smt`
--
CREATE DATABASE IF NOT EXISTS `smt` DEFAULT CHARACTER SET utf8 COLLATE utf8_general_ci;
USE `smt`;

-- --------------------------------------------------------

--
-- Table structure for table `article`
--

CREATE TABLE IF NOT EXISTS `article` (
  `id` int(11) NOT NULL AUTO_INCREMENT,
  `name` varchar(255) NOT NULL,
  `url_rewrite` varchar(255) NOT NULL,
  `content` text NOT NULL,
  `created` timestamp NOT NULL DEFAULT CURRENT_TIMESTAMP ON UPDATE CURRENT_TIMESTAMP,
  `set_time_show` date DEFAULT NULL,
  `active` tinyint(1) DEFAULT '1',
  `image_over` varchar(255) DEFAULT NULL,
  `count_view` int(11) DEFAULT '0',
  `category_id` int(11) NOT NULL,
  `user_id` int(11) NOT NULL,
  `status` tinyint(1) DEFAULT '1',
  PRIMARY KEY (`id`),
  KEY `fk_article_category1_idx` (`category_id`),
  KEY `fk_article_user1_idx` (`user_id`)
) ENGINE=InnoDB  DEFAULT CHARSET=utf8 AUTO_INCREMENT=35 ;

--
-- Dumping data for table `article`
--

INSERT INTO `article` (`id`, `name`, `url_rewrite`, `content`, `created`, `set_time_show`, `active`, `image_over`, `count_view`, `category_id`, `user_id`, `status`) VALUES
(2, 'ไทย-เวียดนามตั้งวงปฏิรูปการศึกษา', 'ไทย-เวียดนามตั้งวงปฏิรูปการศึกษา', '<p style="text-align:center"><img alt="" src="http://morbuu.com/uploads/images/583361.jpeg" style="height:490px; width:670px" /></p>\r\n\r\n<p>ทีมการศึกษาไทย-เวียดนามตั้งวงถกปฏิรูปการศึกษา แลกเปลี่ยนความเห็น ไทยหวังได้ประสบการณ์จากเวียดนามเพื่อยกระดับผลการประเมินพิซา</p>\r\n\r\n<p><br />\r\nวันนี้(3มี.ค.)นายจาตุรนต์ ฉายแสง รมว.ศึกษาธิการ เปิดเผยภายหลังการเป็นประธานในพิธีเปิดศูนย์อาชีวศึกษาเวียดนาม-ไทย ที่วิทยาลัยอุตสาหกรรมเว้ สาธารณรัฐสังคมนิยมเวียดนาม เมื่อเร็ว ๆ นี้ ว่า ตนพร้อมด้วย ดร.ชัยพฤกษ์ เสรีรักษ์ เลขาธิการคณะกรรมการการอาชีวศึกษา (กอศ.) ได้หารือกับ ศ.ดร. ฟาม วู ลวน รมว.ศึกษาธิการและการอบรมเวียดนาม เรื่องความร่วมมือในการจัดการศึกษา ซึ่งที่ผ่านมาไทยและเวียดนามมีความร่วมมือหลายด้านรวมถึงการจัดอาชีวศึกษา มีทั้งการแลกเปลี่ยนครู นักศึกษา นักเรียน และบุคลากรทางการศึกษา โดยหลังจากนี้จะมีการจัดทีมมาพูดคุยเกี่ยวกับการปฏิรูปการศึกษา หลักสูตรการเรียนการสอน และการพัฒนาคุณภาพการเรียนการสอนสำหรับโครงการประเมินผลนักเรียนนานาชาติ หรือ พิซา ด้วย เพราะเวียดนามประสบความสำเร็จในการพัฒนาการเรียนการสอน และประสบความสำเร็จในการเข้าร่วมโครงการพิซาสูงมาก</p>\r\n\r\n<p><br />\r\n&nbsp; &nbsp; รมว.ศึกษาธิการ กล่าวต่อไปว่า สำหรับการจัดการเรียนการสอนอาชีวศึกษา ที่ปัจจุบันมีการแลกเปลี่ยนกันระหว่างสถานศึกษา ก็จะให้มีความร่วมมือระดับสำนักงานและกระทรวงศึกษาธิการของทั้ง 2 ประเทศ เพื่อให้เป็นระบบมากขึ้น ที่สำคัญขณะนี้ทั้ง 2 ประเทศกำลังมีการพัฒนาทางเศรษฐกิจและมีการลงทุนจากต่างประเทศค่อนข้างมาก ซึ่งนักลงทุนในเวียดนามจำนวนมากก็เป็นนักลงทุนจากประเทศที่ไปลงทุนในประเทศไทย และเวียดนามก็มีสภาพปัญหาคล้ายคลึงกับไทย คือ ยังขาดบุคลากรที่มีความเชี่ยวชาญทางเทคนิคหรือมีทักษะฝีมือ คนในเวียดนามนิยมเรียนสายอาชีวะค่อนข้างน้อย ดังนั้น สิ่งที่เวียดนามพยายามทำ คือ การร่วมมือกับภาคเอกชนพัฒนาหลักสูตรการฝึกอบรม และร่วมจัดการเรียนการสอน ซึ่งในการพูดคุยเห็นตรงกันว่าความร่วมมือนี้จะเป็นประโยชน์ต่อทั้ง 2 ประเทศ โดยเฉพาะการที่จะเข้าสู้ประชาคมอาเซียนร่วมกัน การเทียบเคียงหลักสูตร การเทียบเคียงวุฒิการศึกษา การโอนหน่วยกิต และการแลกเปลี่ยนบุคลากร ทั้งนี้ ตนได้ขอความร่วมมือให้เวียดนามช่วยคัดเลือกครูดีเด่น เพื่อรับรางวัลเจ้าฟ้ามหาจักรีสิรินธร ด้วย&nbsp;</p>\r\n', '2014-03-03 08:29:21', '2014-03-03', 1, 'http://morbuu.com/uploads/images/583361.jpeg', 5, 2, 1, 1),
(3, 'ต้องแบบนี้สิ นักศึกษาสาวช่วยแม่ขายน้ำอ้อยในจีน', 'ต้องแบบนี้สิ-นักศึกษาสาวช่วยแม่ขายน้ำอ้อยในจีน', '<p>&nbsp;ชาวเน็ตจีนฮือฮา ^^ นักศึกษาสาวช่วยแม่ขายน้ำอ้อยในจีนช่วงตรุษจีน สวยขั้นเทพ ถึงขั้นยกเทียบ 1 ใน 4 หญิงงามที่สุดของจีน</p>\r\n\r\n<p>&nbsp; &nbsp; &nbsp; &nbsp;&nbsp;<br />\r\nเมื่อวันที่ 17 กุมภาพันธ์ 2557 เว็บไซต์ china.org.cn รายงานว่า แม่ค้าขายน้ำอ้อยคั้นคนหนึ่ง โด่งดังบนอินเทอร์เน็ตในชั่วข้ามคืน หลังจากที่ความสวยของเธอนั้นลือลั่นไปทั่ว โดยที่เธอขายน้ำอ้อยคั้นอยู่ริมถนนเติง กังปา ในเมืองจื้อกง ที่ตั้งอยู่ทางภาคตะวันตกเฉียงใต้ของมณฑลเสฉวน ประเทศจีน</p>\r\n\r\n<p>&nbsp; &nbsp; &nbsp; &nbsp; &nbsp; &nbsp; &nbsp; &nbsp; &nbsp; &nbsp;&nbsp;<br />\r\nแม่ค้าขายน้ำอ้อยคนดังกล่าวมีฉายาว่า &quot;ไซซี ขายอ้อย&quot; ซึ่งฉายาของเธอนั้นตั้งตามนาง ไซซี ? &nbsp;1 ใน 4 ผู้หญิงที่สวยที่สุดในประวัติศาสตร์ของจีน ซึ่งเมื่อมีชาวเน็ตลองสืบว่าเธอเป็นใคร ก็พบว่าเธอเป็นนักศึกษาสถาบันการแสดงเซี่ยงไฮ้ สูง 175 เซนติเมตร และมีความสวยเป็นเอกลักษณ์ พร้อมด้วยผมยาวสลวย และเธอมักจะกลับบ้านทุกเทศกาลตรุษจีน เพื่อช่วยแม่ขายน้ำอ้อย</p>\r\n\r\n<p>&nbsp; &nbsp; &nbsp; &nbsp;&nbsp;<br />\r\nเมื่อภาพของเธอนั้นปรากฏบนโลกออนไลน์ เธอก็กลายมาเป็นคนดังในชั่วข้ามคืน ลูกค้าบางคนถึงกับขับรถมาหลายร้อยกิโลเมตรเพียงเพื่อที่จะมาซื้อน้ำอ้อยจากเธอ อย่างไรก็ตาม ปฏิกิริยาเกี่ยวกับชื่อเสียงในเรื่องความงามของเธอนั้นก็ผสมกันไป บางคนออกมาวิจารณ์ว่า เธอก็ไม่มีอะไรมากไปกว่าอยากประชาสัมพันธ์ร้านเท่านั้น</p>\r\n\r\n<p>&nbsp; &nbsp; &nbsp; &nbsp;&nbsp;<br />\r\nอย่างไรก็ตาม ด้านคุณแม่ของสาวขาย?น้ำ?อ้อย ได้ออกมาปฏิเสธคำวิจารณ์เหล่านั้นว่า ทุก ๆ วันหยุดฤดูหนาว ลูกสาวของฉันจะกลับบ้านมาช่วยครอบครัวขายน้ำอ้อย ธุรกิจของเราไปได้ดีตลอดช่วงเทศกาลฤดูใบไม้ผลิ นี่ไม่ใช่การประชาสัมพันธ์ร้าน เราแค่อยากจะมีชีวิตที่เป็นปกติเท่านั้น&nbsp;</p>\r\n', '2014-03-03 08:30:27', '2014-03-03', 1, 'http://morbuu.com/uploads/files/4896.jpg', 7, 2, 1, 1),
(4, 'แนะกยศ.เลิกเกรงใจคนโกงไม่ชำระหนี้ เผยปีนี้น่าจะไม่มีเงินปล่อยกู้รายใหม่', 'แนะกยศเลิกเกรงใจคนโกงไม่ชำระหนี้-เผยปีนี้น่าจะไม่มีเงินปล่อยกู้รายใหม่', '<p style="text-align:center"><big><img alt="" src="http://morbuu.com/uploads/images/1058.jpg" style="height:178px; width:272px" /></big></p>\r\n\r\n<p>&nbsp;องค์มนตรีชี้ทางแก้ปัญหากู้ยืมเรียน ต้องเร่งติดตามคนค้างชำระ เลิกเกรงใจคนโกง ขณะที่ กยศ. เดินหน้าทวงเงินตรวจสอบจากเลขประจำตัว 13 หลัก ขอความร่วมมือนายจ้าง ย้ำปี 2561 เริ่มส่งข้อมูลจอมเบี้ยวเข้าเครดิตบูโร พร้อมเผยปีนี้น่าจะไม่มีเงินปล่อยกู้รายใหม่แน่นอน</p>\r\n\r\n<p><br />\r\n&nbsp; &nbsp; &nbsp; &nbsp; วันนี้(24 ก.พ.) ที่โรงแรมพูลแมน คิงพาวเวอร์ กท. ได้มีการสัมมนาพิเศษระดับผู้บริหารบทบาทของสถานศึกษาที่ดำเนินงานกองทุนเงินให้กู้ยืมเพื่อการศึกษา(กยศ.) โดย ศ.นพ.เกษม วัฒนชัย องคมนตรี บรรยายพิเศษเรื่อง &quot;บทบาทของสถานศึกษากับความรับผิดชอบต่อการดำเนินงานกองทุน&quot; ว่า กองทุน กยศ. มีการเบี่ยงเบนออกจากเป้าหมายเดิมที่ก่อตั้งกองทุนฯ เพื่อให้โอกาสทางการศึกษาแก่เด็กยากจน แต่ด้วยนโยบายการเมืองทำให้มีการขยายให้เด็กที่มีฐานะปานกลาง และร่ำรวย สามารถกู้ยืมเงินได้ด้วย ทั้งๆ ที่คนกลุ่มนี้ถือว่ามีโอกาสทางการศึกษาอยู่แล้ว ดังนั้น กยศ.น่าจะกลับไปสู่เป้าหมายเดิมที่มุ่งให้เด็กยากจนจริงๆ โดยควรแก้ไขหลักเกณฑ์รายได้ของครอบครัวให้มีความเหมาะสม ด้วยการหาค่าเฉลี่ยรายได้ครัวเรือนไทย และให้เด็กที่มาจากครอบครัวที่มีรายได้ต่ำกว่าค่าเฉลี่ยได้มีโอกาสกู้ยืมเงิน</p>\r\n\r\n<p><br />\r\n&nbsp; &nbsp; &nbsp; &nbsp; &quot; กยศ.ควรคิดอัตราดอกเบี้ยที่เพียงพอต่อการบริหารจัดการกองทุน และที่สำคัญต้องจัดการกับผู้ที่เบี้ยวหนี้อย่างจริงจัง ต้องเลิกเกรงใจคนโกง เงิน กยศ.เป็นเงินภาษีที่คนไทยทุกคน รวมทั้งคนยากจนจ่ายมา คนที่เบี้ยวหนี้ก็คือคนโกง นอกจากจะโกงเงินแล้ว ยังโกงโอกาสรุ่นน้อง ดังนั้นต้องเลิกเกรงใจ และเมื่อมีกฎเราก็ต้องรีบนำมาจัดการกับคนกลุ่มนี้ เพื่อให้มีเงินมาปล่อยกู้แก่เด็กรุ่นต่อไป นอกจากนี้ กยศ.จะต้องประสานกับสถานศึกษาอบรมจิตสำนึกผู้รับทุนให้มีความรับผิดชอบต่อตนเองและสังคม จะได้ไม่เกิดปัญหาเบี้ยวหนี้&quot; องคมนตรี กล่าวและว่า หาก กยศ.สามารถตามหนี้ส่วนใหญ่กลับมาได้ ถึงแม้จะถูกตัดงบประมาณ กยศ. ก็จะไม่ได้รับผลกระทบมาก แต่ที่ผ่านมา กยศ.ปล่อยให้มีผู้ค้างชำระจำนวนมาก ดังนั้นการที่รัฐบาลตัดงบฯ ส่วนหนึ่งก็อาจจะมาจากการบริหารจัดการของ กยศ. เองที่มีปัญหาในการติดตามหนี้ ซึ่งเมื่อรัฐบาลเห็นว่าตัวเลขในการติดตามหนี้ยังน้อย และจะมาของบฯ เพิ่ม ทางรัฐบาลก็มีสิทธิ์ที่จะไม่พิจารณาให้</p>\r\n\r\n<p><br />\r\n&nbsp; &nbsp; &nbsp; &nbsp; ดร.ฑิตติมา วิชัยรัตน์ ผู้จัดการ กยศ. กล่าวว่า กยศ.กำลังมีปัญหาเรื่องการติดตามหนี้ค้างชำระ ซึ่งขณะนี้มียอดรวมครบกำหนดที่จะต้องใช้คืน 72,412.13 ล้านบาท แต่มีผู้กู้ค้างชำระ 38,238.93 ล้านบาท คิดเป็นร้อยละ 53 เมื่อแบ่งตามสังกัดของผู้กู้ พบว่า จะเป็นผู้กู้ที่เคยศึกษาในสังกัดสำนักงานคณะกรรมการส่งเสริมการศึกษาเอกชน (สช.) ค้างชำระมากที่สุด ถึงร้อยละ 65 รองลงมาเป็นมหาวิทยาลัยเอกชน ค้างชำระร้อยละ 62 สำนักงานส่งเสริมการศึกษานอกระบบและการศึกษาตามอัธยาศัย (กศน.)? ร้อยละ 60 &nbsp;สำนักงานคณะกรรมการการศึกษาขั้นพื้นฐาน (สพฐ.) ร้อยละ 55 สำนักงานคณะกรรมการการอาชีวศึกษา (สอศ.) ร้อยละ 52 และมหาวิทยาลัยรัฐ ร้อยละ 44 ดังนั้นกยศ.จึงประสานให้สถาบันการศึกษาช่วยรณรงค์เรื่องการสร้างจิตสำนึกให้แก่นักเรียน นักศึกษา มีจิตสำนึกในการชำระหนี้คืน เพื่อให้มีเงินหมุนเวียนให้โอกาสรุ่นน้องได้กู้ยืมต่อไป</p>\r\n\r\n<p><br />\r\n&nbsp; &nbsp; &nbsp; &nbsp; ผู้จัดการกยศ.กล่าวต่อไปว่า ในปีนี้ กยศ.จะเริ่มกระบวนการตรวจสอบผู้ค้างชำระจากเลขประจำตัวประชาชน 13 หลัก เพื่อให้ทราบที่อยู่ และที่ทำงานของผู้กู้ เพราะที่ผ่านมาบางคนเปลี่ยนแปลงที่อยู่จึงทำให้ไม่สามารถติดตามได้ ขณะเดียวกันได้ลงนามความร่วมมือกับองค์กรนายจ้าง เพื่อให้ตรวจสอบลูกจ้างตนเองที่กู้เงิน กยศ.ให้รีบชำระคืน และในปี 2561 จะเริ่มนำรายชื่อของผู้ค้างชำระตั้งแต่ปี 2539 จนถึงปัจจุบันเข้าสู่ระบบข้อมูลเครดิตบูโร ส่วนกรณีที่ กยศ.ถูกตัดงบฯ นั้น กยศ.ได้ของบฯกลางแล้ว แต่ขณะนี้อยู่ในช่วงภาวะไม่ปกติ ซึ่งในส่วนของผู้กู้รายเก่าที่ยังขาดงบฯ อยู่ 710 ล้านบาทไม่น่าจะมีปัญหา แต่ในส่วนของผู้กู้รายใหม่ที่ยังขาดงบฯอยู่ 1,408 ล้านบาทนั้น จะต้องดูว่าเป็นงบฯผูกพันไปถึงรัฐบาลใหม่หรือไม่ ซึ่งอาจส่งผลกระทบให้ปีนีี้จะไม่มีงบฯ ให้ผู้กู้รายใหม่เลย</p>\r\n\r\n<p>&nbsp; &nbsp; &nbsp; &nbsp; &quot; สำหรับแนวทางการแก้ปัญหาเรื่องนี้ นักศึกษาชั้นปีที่ 1 ยังสามารถไปกู้ยืมเงินจากกองทุนเงินกู้ยืมเพื่อการศึกษาที่ผูกกับรายได้ในอนาคต (กรอ.) ส่วนนักเรียนชั้น ม.6 ที่เคยกู้ยืมกยศ. ก็สามารถเปลี่ยนมากู้กรอ.ได้เช่นกัน ขณะที่ผู้กู้รายใหม่ในระดับการศึกษาขั้นพื้นฐานนั้น เท่าที่ทราบทางกระทรวงศึกษาธิการ (ศธ.) มีทุนจำนวนมากอยู่แล้ว จึงคิดว่าจะช่วยบรรเทาปัญหาได้บ้าง &nbsp;ทั้่งนี้จะนำปัญหาเข้าหารือในคณะกรรมการ กยศ. วันที่ 27 ก.พ.นี้ แต่ก็ไม่แน่ใจว่าจะได้ข้อสรุปหรือแนวทางแก้ไขปัญหาหรือไม่&quot; ผู้จัดการกยศ.กล่าว</p>\r\n', '2014-03-03 09:04:02', '2014-03-03', 1, 'http://morbuu.com/uploads/images/1058.jpg', 11, 2, 1, 1),
(5, 'ตามหนี้กยศ.ต้องใช้ยาแรง', 'ตามหนี้กยศต้องใช้ยาแรง', '<p style="text-align: center;"><img alt="" src="http://morbuu.com/uploads/images/578262.jpeg" style="height:490px; width:670px" /></p>\r\n\r\n<p>&nbsp; องคมนตรีชี้ทางแก้ปัญหากู้ยืมเรียน ต้องเร่งติดตามคนค้างชำระ เลิกเกรงใจคนโกง ขณะที่ กยศ. เดินหน้าทวงเงินตรวจสอบจากเลขประจำตัว 13 หลัก ขอความร่วมมือนายจ้าง ย้ำปี 2561 เริ่มส่งข้อมูลจอมเบี้ยวเข้าเครดิตบูโร พร้อมเผยปีนี้น่าจะไม่มีเงินปล่อยกู้รายใหม่แน่นอน<br />\r\n&nbsp; &nbsp; &nbsp; &nbsp; วันนี้(24 ก.พ.) ที่โรงแรมพูลแมน คิงพาวเวอร์ กท. ได้มีการสัมมนาพิเศษระดับผู้บริหารบทบาทของสถานศึกษาที่ดำเนินงานกองทุนเงินให้กู้ยืมเพื่อการศึกษา(กยศ.) โดย ศ.นพ.เกษม วัฒนชัย องคมนตรี บรรยายพิเศษเรื่อง &quot;บทบาทของสถานศึกษากับความรับผิดชอบต่อการดำเนินงานกองทุน&quot; ว่า กองทุน กยศ. มีการเบี่ยงเบนออกจากเป้าหมายเดิมที่ก่อตั้งกองทุนฯ เพื่อให้โอกาสทางการศึกษาแก่เด็กยากจน แต่ด้วยนโยบายการเมืองทำให้มีการขยายให้เด็กที่มีฐานะปานกลาง และร่ำรวย สามารถกู้ยืมเงินได้ด้วย ทั้งๆ ที่คนกลุ่มนี้ถือว่ามีโอกาสทางการศึกษาอยู่แล้ว ดังนั้น กยศ.น่าจะกลับไปสู่เป้าหมายเดิมที่มุ่งให้เด็กยากจนจริงๆ โดยควรแก้ไขหลักเกณฑ์รายได้ของครอบครัวให้มีความเหมาะสม ด้วยการหาค่าเฉลี่ยรายได้ครัวเรือนไทย และให้เด็กที่มาจากครอบครัวที่มีรายได้ต่ำกว่าค่าเฉลี่ยได้มีโอกาสกู้ยืมเงิน<br />\r\n&nbsp; &nbsp; &nbsp; &nbsp; &quot; กยศ.ควรคิดอัตราดอกเบี้ยที่เพียงพอต่อการบริหารจัดการกองทุน และที่สำคัญต้องจัดการกับผู้ที่เบี้ยวหนี้อย่างจริงจัง ต้องเลิกเกรงใจคนโกง เงิน กยศ.เป็นเงินภาษีที่คนไทยทุกคน รวมทั้งคนยากจนจ่ายมา คนที่เบี้ยวหนี้ก็คือคนโกง นอกจากจะโกงเงินแล้ว ยังโกงโอกาสรุ่นน้อง ดังนั้นต้องเลิกเกรงใจ และเมื่อมีกฎเราก็ต้องรีบนำมาจัดการกับคนกลุ่มนี้ เพื่อให้มีเงินมาปล่อยกู้แก่เด็กรุ่นต่อไป นอกจากนี้ กยศ.จะต้องประสานกับสถานศึกษาอบรมจิตสำนึกผู้รับทุนให้มีความรับผิดชอบต่อตนเองและสังคม จะได้ไม่เกิดปัญหาเบี้ยวหนี้&quot; องคมนตรี กล่าวและว่า หาก กยศ.สามารถตามหนี้ส่วนใหญ่กลับมาได้ ถึงแม้จะถูกตัดงบประมาณ กยศ. ก็จะไม่ได้รับผลกระทบมาก แต่ที่ผ่านมา กยศ.ปล่อยให้มีผู้ค้างชำระจำนวนมาก ดังนั้นการที่รัฐบาลตัดงบฯ ส่วนหนึ่งก็อาจจะมาจากการบริหารจัดการของ กยศ. เองที่มีปัญหาในการติดตามหนี้ ซึ่งเมื่อรัฐบาลเห็นว่าตัวเลขในการติดตามหนี้ยังน้อย และจะมาของบฯ เพิ่ม ทางรัฐบาลก็มีสิทธิ์ที่จะไม่พิจารณาให้<br />\r\n&nbsp; &nbsp; &nbsp; &nbsp; ดร.ฑิตติมา วิชัยรัตน์ ผู้จัดการ กยศ. กล่าวว่า กยศ.กำลังมีปัญหาเรื่องการติดตามหนี้ค้างชำระ ซึ่งขณะนี้มียอดรวมครบกำหนดที่จะต้องใช้คืน 72,412.13 ล้านบาท แต่มีผู้กู้ค้างชำระ 38,238.93 ล้านบาท คิดเป็นร้อยละ 53 เมื่อแบ่งตามสังกัดของผู้กู้ พบว่า จะเป็นผู้กู้ที่เคยศึกษาในสังกัดสำนักงานคณะกรรมการส่งเสริมการศึกษาเอกชน (สช.) ค้างชำระมากที่สุด ถึงร้อยละ 65 รองลงมาเป็นมหาวิทยาลัยเอกชน ค้างชำระร้อยละ 62 สำนักงานส่งเสริมการศึกษานอกระบบและการศึกษาตามอัธยาศัย (กศน.)? ร้อยละ 60 &nbsp;สำนักงานคณะกรรมการการศึกษาขั้นพื้นฐาน (สพฐ.) ร้อยละ 55 สำนักงานคณะกรรมการการอาชีวศึกษา (สอศ.) ร้อยละ 52 และมหาวิทยาลัยรัฐ ร้อยละ 44 ดังนั้นกยศ.จึงประสานให้สถาบันการศึกษาช่วยรณรงค์เรื่องการสร้างจิตสำนึกให้แก่นักเรียน นักศึกษา มีจิตสำนึกในการชำระหนี้คืน เพื่อให้มีเงินหมุนเวียนให้โอกาสรุ่นน้องได้กู้ยืมต่อไป<br />\r\n&nbsp; &nbsp; &nbsp; &nbsp; ผู้จัดการกยศ.กล่าวต่อไปว่า ในปีนี้ กยศ.จะเริ่มกระบวนการตรวจสอบผู้ค้างชำระจากเลขประจำตัวประชาชน 13 หลัก เพื่อให้ทราบที่อยู่ และที่ทำงานของผู้กู้ เพราะที่ผ่านมาบางคนเปลี่ยนแปลงที่อยู่จึงทำให้ไม่สามารถติดตามได้ ขณะเดียวกันได้ลงนามความร่วมมือกับองค์กรนายจ้าง เพื่อให้ตรวจสอบลูกจ้างตนเองที่กู้เงิน กยศ.ให้รีบชำระคืน และในปี 2561 จะเริ่มนำรายชื่อของผู้ค้างชำระตั้งแต่ปี 2539 จนถึงปัจจุบันเข้าสู่ระบบข้อมูลเครดิตบูโร ส่วนกรณีที่ กยศ.ถูกตัดงบฯ นั้น กยศ.ได้ของบฯกลางแล้ว แต่ขณะนี้อยู่ในช่วงภาวะไม่ปกติ ซึ่งในส่วนของผู้กู้รายเก่าที่ยังขาดงบฯ อยู่ 710 ล้านบาทไม่น่าจะมีปัญหา แต่ในส่วนของผู้กู้รายใหม่ที่ยังขาดงบฯอยู่ 1,408 ล้านบาทนั้น จะต้องดูว่าเป็นงบฯผูกพันไปถึงรัฐบาลใหม่หรือไม่ ซึ่งอาจส่งผลกระทบให้ปีนีี้จะไม่มีงบฯ ให้ผู้กู้รายใหม่เลย</p>\r\n\r\n<p>&nbsp; &nbsp; &nbsp; &nbsp; &quot; สำหรับแนวทางการแก้ปัญหาเรื่องนี้ นักศึกษาชั้นปีที่ 1 ยังสามารถไปกู้ยืมเงินจากกองทุนเงินกู้ยืมเพื่อการศึกษาที่ผูกกับรายได้ในอนาคต (กรอ.) ส่วนนักเรียนชั้น ม.6 ที่เคยกู้ยืมกยศ. ก็สามารถเปลี่ยนมากู้กรอ.ได้เช่นกัน ขณะที่ผู้กู้รายใหม่ในระดับการศึกษาขั้นพื้นฐานนั้น เท่าที่ทราบทางกระทรวงศึกษาธิการ (ศธ.) มีทุนจำนวนมากอยู่แล้ว จึงคิดว่าจะช่วยบรรเทาปัญหาได้บ้าง &nbsp;ทั้่งนี้จะนำปัญหาเข้าหารือในคณะกรรมการ กยศ. วันที่ 27 ก.พ.นี้ แต่ก็ไม่แน่ใจว่าจะได้ข้อสรุปหรือแนวทางแก้ไขปัญหาหรือไม่&quot; ผู้จัดการกยศ.กล่าว</p>\r\n', '2014-03-03 09:14:09', '2014-03-03', 1, 'http://morbuu.com/uploads/images/578262.jpeg', 5, 2, 1, 1),
(6, 'ปลัดอำเภอหญิง ปืนโหดรัว 6 นัดฆ่าลูกน้องสาวดับสยองคาห้องทำงาน', 'ปลัดอำเภอหญิง-ปืนโหดรัว-6-นัดฆ่าลูกน้องสาวดับสยองคาห้องทำงาน', '<p><img alt="" src="http://morbuu.com/uploads/images/578616.jpeg" style="height:490px; width:670px" /></p>\r\n\r\n<p>ปลัดอำเภอหญิงปืนโหด รัว 9 มม.6 นัดซ้อนเข้าหน้าอกผู้ใต้บังคับบัญชาหญิง ตำแหน่งพนักงานราชการฝ่ายปกครอง ภายในห้องทำงาน บนศูนย์ราชการอำเภอเมืองตรัง หลังมีปากเสียงกันรุนแรง เหยื่อทนพิษบาดแผลไม่ไหวไปเสียชีวิตที่โรงพยาบาล ส่วนสาเหตุมาจากความขัดแย้งส่วนตัว</p>\r\n\r\n<p>เมื่อเวลา 11.00 น.วันที่ 27 ก.พ. ร.ต.อ.หญิง พนิดา พงษา พนักงานสอบสวน สภ.เมืองตรัง รับแจ้งเหตุมีผู้ถูกยิงอาการสาหัสภายในห้องทำงานชั้น2 บนศูนย์ราชการอำเภอเมืองตรัง หลังรับแจ้งจึงรายงานให้ผู้บังคับบัญชาทราบ พร้อมด้วย พ.ต.อ.ชัยรัตน์ กาญจนเนตร ผกก.สภ.เมืองตรัง พ.ต.ท.สราวุธ จงจิตร รอง ผกก.พิสูจน์หลักฐานจังหวัดตรัง กองกำกับการตำรวจภูธรจังหวัดตรัง เจ้าหน้าที่ตำรวจชุดสืบสวน สภ.เมืองตรัง และเจ้าหน้าที่มูลนิธิกุศลสถานตรัง รุดไปตรวจสอบ&nbsp;</p>\r\n\r\n<p><br />\r\nเมื่อไป ถึงพบเจ้าหน้าที่มูลนิธิกุศลสถานตรัง พร้อมด้วยข้าราชการอำเภอเมืองตรัง รีบช่วยกันนำร่างของ นางฤทัยรัตน์ &nbsp;ศรีจันทร์หรือส้ม พนักงานราชการฝ่ายปกครองอำเภอเมืองตรัง ซึ่งเป็นภรรยาของ ร.ต.อ.ธรรมธร ศรีจันทร์ รองสารวัตรป้องกันและปราบปราม.สภ.เมืองตรัง ออกจากห้องทำงานชั้น 2 บนศูนย์ราชการอำเภอเมือง เพื่อส่งไปรักษาที่โรงพยาบาลตรัง ท่ามกลางความตกตะลึงของเพื่อนข้าราชการ และประชาชนที่เดินทางไปติดต่อราชการ หลังถูกนางวราลี ขวัญนิมิต อายุ 45 ปี ตำแหน่งเจ้าหน้าที่ปกครองชำนาญงานอำเภอเมืองตรัง (ปลัดอำเภอ) และเป็นผู้บังคับบัญชาของผู้ตายได้ใช้อาวุธปืนชนิดลูกโม่ขนาด 9 มม. จ่อยิงเข้าที่บริเวณหน้าอกจำนวน 6 นัด อาการสาหัส แพทย์ได้พยายามช่วยชีวิตอย่างเต็มที่ แต่ได้เสียชีวิตในเวลาต่อมา นอกจากนี้ในที่เกิดเหตุเจ้าหน้าที่พบปลอกกระสุน ปืน จำนวน 6 ปลอก จึงเก็บไว้เป็นหลักฐาน ส่วนมือปืนหลังก่อเหตุก็ไม่ได้หลบหนี รอมอบตัวพร้อมอาวุธปืนประจำตัวที่ใช้ในการก่อเหตุ &nbsp;&nbsp;</p>\r\n\r\n<p>จาก การสอบถามผู้เห็นเหตุการณ์ทราบว่า ทั้งสองคนนั้นทำงานภายในห้องทำงานฝ่ายปกครองติดกับห้องทำงานของ นายนันทวัช เจริญวรรณ นายอำเภอเมืองตรัง และนั่งโต๊ะใกล้กัน โดยช่วงเกิดเหตุทั้งสองคนได้เกิดทะเลาะมีปากเสียงกันอย่างรุนแรง จนกระทั่งนางวราลีซึ่งเป็นดูแลเรื่องใบอนุญาตอาวุธปืน เกิดบันดาลโทสะ นำปืนออกมายิงนางฤทัยรัตน์ชนิดไม่ยั้งมือ กระสุนเจาะบริเวณหน้าอกจนล้มฟุบกับพื้นและเสียชีวิตในเวลาต่อมา&nbsp;</p>\r\n\r\n<p>ทั้ง นี้ ทางด้านพล.ต.ต.จีรวัฒน์ เจริญสุด ผบก.ภ.จว.ตรัง หลังจากทราบเรื่องจึงเดินทางมายังจุดเกิดเหตุและสอบปากคำนางวราลี ภายในห้องประชุมที่ว่าการอำเภอเมืองตรัง ทราบว่าสาเหตุเบื้องต้นเกิดจากความขัดแย้งส่วนตัวกันมานานหลายเดือนแล้ว ซึ่งก่อนเกิดเหตุทั้งสองมาทำงานตามปกติ แล้วเกิดปากเสียงกันอย่างหนัก จนนางวราลีบันดาลโทสะใช้ปืนยิงใส่หลายนัด เจ้าหน้าที่ตำรวจ สภ.เมืองตรัง ได้ควบคุมตัวนางวราลีไปดำเนินคดีตามกฎหมายต่อไป&nbsp;</p>\r\n', '2014-03-03 09:25:14', '2014-03-03', 1, 'http://morbuu.com/uploads/images/578616.jpeg', 7, 2, 1, 1),
(7, 'โครงการแลกเปลี่ยนเรียนรู้ เรื่อง การทำวิจัยในชั้นเรียน', 'โครงการแลกเปลี่ยนเรียนรู้-เรื่อง-การทำวิจัยในชั้นเรียน', '<p style="text-align:center"><img alt="" src="http://morbuu.com/uploads/images/2014-03/1623365_800241183322834_1768275736_n.jpg" style="height:333px; width:500px" /></p>\r\n\r\n<p><span style="color:rgb(55, 64, 78); font-family:lucida grande,tahoma,verdana,arial,sans-serif; font-size:11px">ฝ่ายวิชาการ คณะวิทยาศาสตร์ จัดโครงการแลกเปลี่ยนเรียนรู้ เรื่อง การทำวิจัยในชั้นเรียน ให้กับบุคลากรของคณะวิทยาศาสตร์ เมื่อวันที่ ๒๗ กุมภาพันธ์ พ.ศ.๒๕๕๗ ณ ห้องประชุม SD-502 อาคารสิรินธร ได้รับเกียรติจาก ดร.มณเทียร ชมดอกไม้ ภาควิชาการจัดการเรี</span><span style="color:rgb(55, 64, 78); font-family:lucida grande,tahoma,verdana,arial,sans-serif; font-size:11px">ยนรู้ คณะศึกษาศาสตร์ มหาวิทยาลัยบูรพา ผู้มีความรู้ ความเชี่ยวชาญและประสบการณ์ด้านงานวิจัยในชั้นเรียน เป็นวิทยากร โดยมีวัตถุประสงค์เพื่อให้ผู้เข้าร่วมโครงการได้แลกเปลี่ยนเรียนรู้และเสริมข้อมูลเพิ่มเติมในการทำวิจัยในชั้นเรียน ได้มีแนวทางเพื่อพัฒนาการเรียนการสอน รวมทั้งเป็นการส่งเสริมการทำวิจัยเพื่อพัฒนาความรู้ ทักษะ ความเชี่ยวชาญในศาสตร์ของตนเองและเกิดองค์ความรู้ในศาสตร์สาขาวิชาต่างๆ ด้วย</span></p>\r\n\r\n<p>&nbsp;</p>\r\n\r\n<p style="text-align:center"><a href="https://fbcdn-sphotos-h-a.akamaihd.net/hphotos-ak-prn2/t1/1972361_800241179989501_1425295250_n.jpg"><img alt="" src="https://fbcdn-sphotos-h-a.akamaihd.net/hphotos-ak-prn2/t1/1972361_800241179989501_1425295250_n.jpg" style="height:400px; width:600px" /></a></p>\r\n\r\n<p style="text-align:center">&nbsp;</p>\r\n\r\n<p style="text-align:center"><a href="https://fbcdn-sphotos-b-a.akamaihd.net/hphotos-ak-prn2/t1/1661844_800241293322823_1820964080_n.jpg"><img alt="" src="https://fbcdn-sphotos-b-a.akamaihd.net/hphotos-ak-prn2/t1/1661844_800241293322823_1820964080_n.jpg" style="height:400px; width:600px" /></a></p>\r\n', '2014-03-03 10:14:16', '2014-03-03', 1, 'http://morbuu.com/uploads/images/2014-03/1623365_800241183322834_1768275736_n.jpg', 5, 3, 1, 1),
(8, 'พิธีมอบสัมฤทธิบัตร นิสิตแพทย์ รุ่น 2 รพ.สมเด็จพระบรมราชเทวีฯ', 'พิธีมอบสัมฤทธิบัตร-นิสิตแพทย์-รุ่น-2-รพสมเด็จพระบรมราชเทวีฯ', '<p><span style="font-family:lucida grande,tahoma,verdana,arial,sans-serif; font-size:11px">Morbuu.com ขอแสดงความยินดีกับนิสิตแพทย์ รุ่น 2 ด้วยนะคะ และแล้วก็มาถึงวันนี้จนได้ เห็นน้องๆยิ้มแย้มกันอย่างมีความสุข ดีใจกับความสำเร็จขั้นแรกของน้องๆ ^_^</span></p>\r\n\r\n<p><span style="font-family:lucida grande,tahoma,verdana,arial,sans-serif; font-size:11px"><img alt="" src="https://fbcdn-sphotos-a-a.akamaihd.net/hphotos-ak-prn1/t1/14493_672804006116230_670125781_n.jpg" style="height:400px; width:600px" /></span></p>\r\n\r\n<p><img alt="" src="https://fbcdn-sphotos-a-a.akamaihd.net/hphotos-ak-prn1/t1/12479_672805092782788_1753216448_n.jpg" style="height:400px; width:600px" /></p>\r\n\r\n<p><img alt="" src="https://fbcdn-sphotos-b-a.akamaihd.net/hphotos-ak-prn1/t1/1620482_672805106116120_249729230_n.jpg" style="height:400px; width:600px" /></p>\r\n', '2014-03-03 10:28:25', '2014-03-03', 1, 'http://morbuu.com/uploads/images/2014-03/1653786_672805066116124_15007311_n.jpg', 6, 3, 1, 1),
(9, 'เจรจาความร่วมมือและการบริหารจัดการด้านระบบสารสนเทศกับ สปป.ลาว(๒)', 'เจรจาความร่วมมือและการบริหารจัดการด้านระบบสารสนเทศกับ-สปปลาว๒', '<p style="text-align: center;"><img alt="" src="https://fbcdn-sphotos-f-a.akamaihd.net/hphotos-ak-ash3/t1/1912129_798587836821502_1527956021_n.jpg" style="height:400px; width:600px" /></p>\r\n\r\n<p><span style="color:rgb(55, 64, 78); font-family:lucida grande,tahoma,verdana,arial,sans-serif; font-size:11px">สืบเนื่องจากเมื่อวันที่ ๑๗ กุมภาพันธ์ที่ผ่านมา คณะวิทยาศาสตร์ได้ประชุมเจรจาความร่วมมือกับกระทรวงศึกษาธิการและกีฬา สปป.ลาว ว่าด้วยเรื่องของการบริหารจัดการด้านระบบสารสนเทศ ในส่วนของกลุ่มผู้บริหาร แล้วนั้น</span><br />\r\n<span style="color:rgb(55, 64, 78); font-family:lucida grande,tahoma,verdana,arial,sans-serif; font-size:11px">ในการนี้ระหว่างวันที่ ๒๔-๒๖ กุมภา</span><span style="color:rgb(55, 64, 78); font-family:lucida grande,tahoma,verdana,arial,sans-serif; font-size:11px">พันธ์ จะเป็นการอบรมเชิงปฏิบัติการด้านการพัฒนาระบบสารสนเทศในด้านต่างๆ ให้กับกลุ่มผู้ปฏิบัติงานของกระทรวงศึกษาธิการและกีฬา จำนวน ๑๓ คน โดยมีคณะวิทยาการสารสนเทศและสำนักคอมพิวเตอร์ มหาวิทยาลัยบูรพา เป็นวิทยากร</span></p>\r\n\r\n<p style="text-align: center;"><img alt="" src="https://fbcdn-sphotos-d-a.akamaihd.net/hphotos-ak-ash4/t1/1656382_798587843488168_168829284_n.jpg" style="height:400px; width:600px" /></p>\r\n\r\n<p style="text-align: center;">&nbsp;</p>\r\n\r\n<p style="text-align: center;"><img alt="" src="https://fbcdn-sphotos-h-a.akamaihd.net/hphotos-ak-ash3/t1/1959920_798587906821495_1292831159_n.jpg" style="height:400px; width:600px" /></p>\r\n', '2014-03-03 18:03:28', '2014-03-03', 1, 'http://morbuu.com/uploads/images/2014-03/1621975_798587770154842_1921204652_n.jpg', 5, 3, 1, 1);
INSERT INTO `article` (`id`, `name`, `url_rewrite`, `content`, `created`, `set_time_show`, `active`, `image_over`, `count_view`, `category_id`, `user_id`, `status`) VALUES
(10, 'ช่วงนี้ในมอสวยมากเลยนะ จาก Fanpage ข้างนอกสดใส ข้างในมอบู', 'ช่วงนี้ในมอสวยมากเลยนะ-จาก-fanpage-ข้างนอกสดใส-ข้างในมอบู', '<p><span style="font-family:lucida grande,tahoma,verdana,arial,sans-serif">ช่วงนี้ในมอสวยมากเลยนะ</span><br />\r\n<span style="font-family:lucida grande,tahoma,verdana,arial,sans-serif">เข้ากับบรรบากาศช่วงใกล้รับ</span><span style="font-family:lucida grande,tahoma,verdana,arial,sans-serif">ปริญญา</span><br />\r\n<span style="font-family:lucida grande,tahoma,verdana,arial,sans-serif">ผมเห็นหลายคนใส่ชุดครุยมาถ่</span><span style="font-family:lucida grande,tahoma,verdana,arial,sans-serif">ายรูปกันสนุกสนาน</span><br />\r\n<span style="font-family:lucida grande,tahoma,verdana,arial,sans-serif">บางคนก็หยิบกล้องตัวโปรดออก</span><span style="font-family:lucida grande,tahoma,verdana,arial,sans-serif">มาเก็บความทรงจำกับคนรัก</span><br />\r\n<span style="font-family:lucida grande,tahoma,verdana,arial,sans-serif">ชมพูพันทิพย์ก็ออกดอกปูถนนจ</span><span style="font-family:lucida grande,tahoma,verdana,arial,sans-serif">นแทบจะเป็นสีชมพู</span><br />\r\n<span style="font-family:lucida grande,tahoma,verdana,arial,sans-serif">ไม่เรียกว่าโรแมนติกก็ไม่รู้จะว่ายังไงแล้ว</span></p>\r\n\r\n<p>&nbsp;</p>\r\n\r\n<p><img alt="" src="http://morbuu.com/uploads/images/2014-03/1903988_742517992440229_230121086_n.jpg" style="height:640px; opacity:0.9; width:640px" /></p>\r\n\r\n<p>&nbsp;</p>\r\n\r\n<p><img alt="" src="https://fbcdn-sphotos-b-a.akamaihd.net/hphotos-ak-ash3/t1/1970617_741622399196455_502076899_n.jpg" style="height:640px; width:640px" /></p>\r\n\r\n<p>&nbsp;</p>\r\n\r\n<p><img alt="" src="https://fbcdn-sphotos-e-a.akamaihd.net/hphotos-ak-frc3/t1/1689807_740606959297999_1697045490_n.jpg" style="height:640px; width:640px" /></p>\r\n\r\n<p>&nbsp;</p>\r\n\r\n<p>ขอบคุณ &nbsp;:&nbsp;<a href="https://www.facebook.com/insoisodsai"><strong>ข้างนอกสดใส ข้างในมอบู</strong></a></p>\r\n', '2014-03-03 18:09:43', '2014-03-03', 1, 'http://morbuu.com/uploads/images/2014-03/1903988_742517992440229_230121086_n.jpg', 6, 3, 1, 1),
(11, 'กำหนดการถ่ายภาพหมู่บัณฑิต วันที่ 14 มีนาคม 2557', 'กำหนดการถ่ายภาพหมู่บัณฑิต-วันที่-14-มีนาคม-2557', '<p><img alt="" src="http://morbuu.com/uploads/images/2014-03/1939401_617013138352199_1565921935_n.jpg" style="height:338px; width:600px" /></p>\r\n', '2014-03-03 18:23:11', '2014-03-03', 1, 'http://morbuu.com/uploads/images/2014-03/1939401_617013138352199_1565921935_n.jpg', 2, 3, 1, 1),
(12, 'ย้อนกลับไปสัมผัสบรรยากาศแสนอบอุ่นในวันวานกันอีกครั้ง แล้วคุณจะประทับใจมากเป็นพิเศษ กับบางแสนย้อนยุค', 'ย้อนกลับไปสัมผัสบรรยากาศแสนอบอุ่นในวันวานกันอีกครั้ง-แล้วคุณจะประทับใจมากเป็นพิเศษ-กับบางแสนย้อนยุค', '<p>&nbsp;</p>\r\n\r\n<p style="text-align:center"><span style="color:rgb(0, 0, 0); font-family:tahoma,geneva,sans-serif; font-size:14px"><img alt="" src="http://morbuu.com/uploads/images/2014-03/a04b1007cadd94e166553946975fd0da.jpg" style="height:401px; width:600px" /></span></p>\r\n\r\n<p style="text-align:center">&nbsp;</p>\r\n\r\n<p><span style="color:rgb(0, 0, 0); font-family:tahoma,geneva,sans-serif; font-size:14px">เทศบาลเมืองแสนสุข ร่วมกับ จังหวัดชลบุรี และองค์การบริหารส่วนจังหวัดชลบุรี พาคุณเที่ยวบางแสนให้สนุกกว่าเก่าในยุคเก๋าเก๋า กับ &ldquo;งานบางแสนย้อนยุค 2557 &nbsp;(Bangsaen Hippy Festival 2014)&rdquo; &nbsp;ร่วมกันย้อนวันวานให้บานฉ่ำ กลับไปในยุค 60-70 กับแฟชั่น สีสันสดใส และฉูดฉาดสไตล์ &ldquo;ฮิปปี้&rdquo; เพลินใจกับเสียงเพลง กับคอนเสิร์ตของศิลปินสุดเก๋า 2 วัน 2 สไตล์ ที่คุณจะต้องไม่พลาดทั้งเพลงลูกทุ่ง และสตริง ขับกล่อมโดย ชาย เมืองสิงห์,สุรชัย สมบัติเจริญ ,ก็อต จักรพันธ์ &nbsp;, &nbsp; &nbsp; &nbsp; &nbsp; รุ่ง สุริยา , ฉันทนา-สุดา , ชมพู-ปิง ฟรุ๊ตตี้ , แจ้ ดนุพล แก้วกาญจน์ และ The Palace &nbsp;พร้อมเพลิดเพลินกับหลากกิจกรรมย้อนวันวานมากมาย ไม่ว่าจะเป็นรำวงย้อนยุค ,โชว์ลีลาศ, &nbsp;ชมหนังกลางแปลงกับหนังไทยเรื่องเด็ดในอดีต ,สนุกกับเครื่องเล่นสุดหรรษาในบรรยากาศงานวัด , การออกร้านจำหน่ายสินค้า อาหารและเครื่องดื่มรสเลิศนานาชนิด ที่มีให้เลือกซื้อกันแบบไม่อั้น ในระหว่างวันที่21-22 กุมภาพันธ์ ตั้งแต่เวลา 5โมงเย็น เป็นต้นไป &nbsp;ณ บริเวณลานแหลมแท่น บางแสน จังหวัดชลบุรี ฟรีตลอดงาน!</span></p>\r\n\r\n<p>&nbsp;</p>\r\n\r\n<p style="text-align:center"><span style="color:rgb(0, 0, 0); font-family:tahoma,geneva,sans-serif; font-size:14px"><img alt="" src="http://www.fhm.in.th/imagesrv/file.php?url=http://www.fhm.in.th/file/images/articles/3/0/0/201402061341295300/201402061341295300.jpg&amp;size=620x413" style="height:413px; width:620px" /></span></p>\r\n\r\n<p style="text-align:center">&nbsp;</p>\r\n\r\n<p style="text-align:center"><span style="color:rgb(0, 0, 0); font-family:tahoma,geneva,sans-serif; font-size:14px"><img alt="" src="http://www.fhm.in.th/imagesrv/file.php?url=http://www.fhm.in.th/file/images/articles/5/4/1/201402061342313541/201402061342313541.jpg&amp;size=620x413" style="height:413px; width:620px" /></span></p>\r\n\r\n<p style="text-align:center">&nbsp;</p>\r\n\r\n<p style="text-align:center">&nbsp;</p>\r\n\r\n<p style="text-align:center">&nbsp;</p>\r\n', '2014-03-03 18:36:13', '2014-02-21', 1, 'http://morbuu.com/uploads/images/2014-03/a04b1007cadd94e166553946975fd0da.jpg', 4, 3, 1, 1),
(13, 'เกิดอุบัติเหตุใกล้เคียงหน้ารพ.ม.บูรพา มีผู้ได้รับบาดเจ็บ 3 ราย เป็นนิสิตม.บูรพาทั้ง 3 คน ', 'เกิดอุบัติเหตุใกล้เคียงหน้ารพมบูรพา-มีผู้ได้รับบาดเจ็บ-3-ราย-เป็นนิสิตมบูรพาทั้ง-3-คน-', '<p style="text-align:center"><img alt="" src="http://morbuu.com/uploads/images/2014-03/1920033_10201632873087852_263660009_n.jpg" style="height:302px; width:403px" /></p>\r\n\r\n<p><span style="font-family:lucida grande,tahoma,verdana,arial,sans-serif">ประมาณ 2:30 น. ที่ผ่านมา เกิดอุบัติเหตุใกล้เคียงหน้ารพ.ม.บูรพา มีผู้ได้รับบาดเจ็บ 3 ราย เป็นนิสิตม.บูรพาทั้ง 3 คน (ขอสงวนชื่อคณะ) เรื่องราวจากชาวบ้านที่ได้ฟังคือ รถจยย.ที่มากัน 3 คน ขี่มาเลนส์ซ้</span><span style="font-family:lucida grande,tahoma,verdana,arial,sans-serif">าย ตามปกติ ไม่ได้ขี่เร็วอะไร แต่บีเอ็มอ่ะ ชาวบ้านบอกว่า แข่งรถกันมากับอีกคันนึง แล้วบีเอ็มชนกับจยย.ดังกล่าว พอได้รับแจ้งจากศูนย์วิทยุมังกรชลบุรี ก็เลยไปที่เกิดเหตุ พบคนเจ็บ 2 ราย ชายและหญิง (มาไม่ทันรายแรก กู้ชีพม.บูรพานำส่งรพ.ไปแล้ว เพราะเจ็บสาหัส จับชีพจรไม่เจอ) (นี่คือเหตุผลที่กู้ภัยต้องใช้ความเร็วไปยังที่เกิดเหตุนะ) ผู้ชายรู้สึกตัว ถลอกตามร่างกาย ไอ้เราก็เห็นว่าผู้ชายอาการไม่หนัก เลยจะไปช่วยผู้หญิง แต่ต้องช็อคแพร๊บบบบบ ! เห็นข้อเท้าข้างขวาของน้องขาด ในตอนนั้น ทั้ง กู้ชีพและกู้ภัย รีบช่วยกันนำคนเจ็บส่งรพ.ให้เร็วที่สุด<br />\r\nทีนี้ ..เรามาดูคู่กรณีของผู้เคราะห์ร้ายทั้ง 3 คนบ้าง เราเดินมาดูสภาพรถก่อนเป็นอันดับแรก สภาพก็อย่างที่เห็นในรูป จากนั้น ก็มองหาเจ้าของรถและผู้ที่เกี่ยวข้องกับบีเอ็มมรณะคันนี้ ..อุต๊ะะะ ! ช็อคแพร๊บบบรอบสอง !! ยังเด็กอยู่เลยอ่ะ มากันหลายคนด้วย แบกเป้มาทุกคน น่าจะแบบว่า เด็กมัธยมยกแกงค์มาเที่ยวบางแสน ไรงี้ (หมดสนุกแล้วแหละมึง) หน้าตาน้อง ๆ อารมณ์ประมาณเด็กมัธยมรร.เอกชน รร.คริสต์ไรงี้&nbsp;<br />\r\nพอตร.มาถึง น้อง ๆ ไม่มีใครสามารถตอบพี่โปลิสได้ว่าใครเป็นคนขับ... ????? ! เพราะอะไรน่ะหรอ ก็พวกนางไม่มีใบขับขี่ซักคน เหมือนขโมยรถที่บ้านมาขับ แอบหนีมาเที่ยว ก่อนที่ตร.จะมา น้องคนนึงพูดว่า &quot;พี่ ผมกลัว&quot; (เราก็นึกในใจ ทีตอนมึงแข่งรถ มึงยังไม่รักตัวกลัวตายเลย)<br />\r\nสุดท้าย ก็มีเด็กคนนึง อ้างว่าเป็นคนขับ ก็เลยโดนคุมตัวไปที่สภ.แสนสุข<br />\r\nประมาณ 20 นาทีให้หลัง ก็ได้รับแจ้งว่า 1 ใน 3 ของผู้โชคร้ายวันนี้ เสียชีวิตหญิง 1ราย เราเลยตามไปดูที่รพ. เพราะกู้ภัยต้องไปช่วยเคลื่อนย้ายศพส่งนิติเวชที่รพ.ชลบุรี<br />\r\nส่วนอีกคนก็ยังอาการโคม่า<br />\r\nเฮ่ออออ ฝากนะ</span></p>\r\n\r\n<p><br />\r\n<span style="font-family:lucida grande,tahoma,verdana,arial,sans-serif">1.น้อง ๆ ทั้งหลายยยยยยย ไม่ต้องรีบโตหรอก มีรถขับทั้ง ๆ ที่อายุไม่ถึงทำใบขับขี่มันเท่หรออ ? หรือมันเหนือ ? แล้วเป็นยังไงล่ะคะ คนอื่นเดือดร้อน ถึงขั้นเสียชีวิต ต่อให้พ่อแม่น้องรวย ช่วยน้องให้พ้นผิดได้ แต่ตราบาปชั่วชีวิตนะ&nbsp;<br />\r\n2.ขุ่นพ่อขุ่นแม่ขาาาา คิดแล้วหรือยัง ที่อนุญาตให้น้องเอารถมาใช้ในยามวิกาลทั้งที่ไม่มีใบขับขี่แบบนี้ (ถ้าน้องขโมยมาก็แล้วไป)<br />\r\n3.ฝากถึงทุกคนที่ใช้ถนน ต่อให้เราระวังแล้ว แต่คนอื่นเค้าไม่ระวัง เราก็อาจซวยได้ เค้าถึงเรียกว่าอุบัติเหตุไง<br />\r\n4.พวกแข่งรถ ซิ่งรถ ..หึหึ เป็นไงอ่ะ ? คิดว่าเก่ง คิดว่าเท่ คิดว่าเหนือหรอ ? หึ สมอง ! จริงอยู่ ว่าชาวบ้านเค้าแค่รำคาญเสียงรถกับควันดำ แต่ถ้าวันนึงมึงพลาดล่ะ ?? แข่งบนถนนอ่ะ มันไม่ได้เท่ห์และไม่ได้ตังค์หรอกนะเว่ย ไปลงสมัครแข่งพวกงานแข่งรถไรงี้ เวิร์คกว่าป้ะ จริงจังไปเลยยย แล้วแข่งให้ชนะด้วยนะ เอาให้โลกจดจำเลยละกัน มึงจะได้สะใจ อย่างกีกี้อ่ะ เห็นป้ะ เค้าแข่งรถ ถูกที่ถูกเวลา ชนะได้เงินรางวัลมากมาย โลกก็จดจำอีกต่างหาก โธ๊ะ !<br />\r\nความจริงมึงแข่งบนถนนก็ได้นะ ตามใจพวกมึงเลยยย แต่ถ้ามึงพลาดขึ้นมานะ เจ็บแค่มึงอ่ะ ทำได้ป้ะ ไม่ต้องเดือดร้อนคนอื่นอ่ะ ทำได้ป้ะ&nbsp;<br />\r\n5.ขอแสดงความเสียใจกับผู้เสียชีวิตด้วยนะคะภาวนาขออย่าให้มีรายที่ 2 เลย</span><br />\r\n<br />\r\n&nbsp;</p>\r\n', '2014-03-04 02:52:45', '2014-02-19', 1, 'http://morbuu.com/uploads/images/2014-03/1920033_10201632873087852_263660009_n.jpg', 2, 3, 1, 1),
(14, 'xxx', 'xxx', '<p>ss</p>\r\n', '2014-03-11 07:11:27', '2014-03-11', 1, '', 2, 5, 1, 1),
(15, 'sfsdf', 'sfsdfsdfsd', '<p>sdf</p>\r\n', '2014-03-11 07:48:23', '2014-03-11', 1, '', 1, 6, 1, 1),
(16, 'กหกดหก', 'กหกดหก', '<p>หกดหกด</p>\r\n', '2014-03-16 11:49:12', '2014-03-16', 1, '', 1, 9, 1, 1),
(17, 'sdf', 'sdf', '<p>dsf</p>\r\n', '2014-03-16 14:51:09', '2014-03-16', 1, '', 0, 11, 1, 1),
(18, 'กก', 'กก', '<p>หก</p>\r\n', '2014-03-16 15:03:17', '2014-03-16', 1, '', 0, 12, 1, 1),
(19, 'sdfsfd', 'sdfsfd', '<p>sdf</p>\r\n', '2014-03-16 15:18:19', '2014-03-16', 1, '', 0, 14, 1, 1),
(20, 'กก', 'กก', '<p>ห</p>\r\n', '2014-03-16 16:58:11', '2014-03-16', 1, '', 1, 16, 1, 1),
(21, 'MorBuu Boy & Girl', 'morbuu-boy-girl', '<p><a href="http://morbuu.com/setting/category/sub/id/17" rel="tooltip" style="color: rgb(0, 136, 204); text-decoration: none; font-family: ''Open Sans''; line-height: 20px;" title="">MorBuu Boy &amp; Girl</a></p>\r\n', '2014-03-16 17:13:47', '2014-03-16', 1, '', 0, 17, 1, 1),
(22, 'vido', 'vido', '<p>vido</p>\r\n', '2014-03-16 17:17:49', '2014-03-16', 1, '', 0, 18, 1, 1),
(23, 'ราศีมังกร :14 มกราคม - 12 กุมภาพันธ์', 'ราศีมังกร-14-มกราคม-12-กุมภาพันธ์', '<table border="0" cellpadding="4" cellspacing="4" style="width:700px">\r\n	<tbody>\r\n		<tr>\r\n			<td style="width:150px"><strong>ธาตุประจำราศี :</strong></td>\r\n			<td>ธาตุดิน</td>\r\n		</tr>\r\n		<tr>\r\n			<td><strong>สีนำโชค :</strong></td>\r\n			<td>สีเทา สีน้ำเงินเข้ม สีม่วงคราม สีดอกอัญชัญ</td>\r\n		</tr>\r\n		<tr>\r\n			<td><strong>อัญมณี :</strong></td>\r\n			<td>โมราขาว มุกดาหาร นิล สปีเนล</td>\r\n		</tr>\r\n		<tr>\r\n			<td><strong>ราศีส่งเสริม :</strong></td>\r\n			<td>ราศีมีน ราศีพิจิก</td>\r\n		</tr>\r\n		<tr>\r\n			<td><strong>ต้นไม้มงคล :</strong></td>\r\n			<td>แก้ว, วาสนา, โป๊ยเซียน, กุหลาบ, ไผ่, ราชพฤกษ์</td>\r\n		</tr>\r\n		<tr>\r\n			<td><strong>ทิศมงคล :</strong></td>\r\n			<td>ทิศใต้</td>\r\n		</tr>\r\n		<tr>\r\n			<td><strong>อาชีพ/ความสนใจ :</strong></td>\r\n			<td>การก่อสร้าง, วิศวกรรม, สถาปัตยกรรม, เกษตรกรรม, การธนาคาร, การเงิน, การเมือง, ศาสนา, ธุรกิจ, การค้นคว้าทางวิทยาศาสตร์</td>\r\n		</tr>\r\n	</tbody>\r\n</table>\r\n\r\n<p>&nbsp;</p>\r\n\r\n<table border="0" cellpadding="0" cellspacing="0" style="color:rgb(57, 57, 57); font-family:tahoma,segoe ui,arial,verdana,sans-serif; line-height:normal; width:100%">\r\n	<tbody>\r\n		<tr>\r\n			<td>\r\n			<div style="border-top-left-radius: 5px; border-top-right-radius: 5px; border-bottom-right-radius: 5px; border-bottom-left-radius: 5px;">\r\n			<div class="tt1" style="border-top-left-radius: 5px; border-top-right-radius: 5px; border-bottom-right-radius: 5px; border-bottom-left-radius: 5px; font-size: 1.08em; font-weight: bold; color: rgb(0, 0, 122); margin-top: 15px; margin-bottom: 8px;">ราศีมังกร</div>\r\n			ความทรหดอดทน มักสามารถจัดตังองค์การ การบริหารฟันฝ่าไป อย่างไม่กลัวอันตราย เฉลียวฉลาดในการใช้ความรู้ เป็นผู้จัดการ ผู้ปกครองประเทศ นักการทูต นักอุตสาหกรรม กสิกรรม วิทยาศาสตร์ หนักเอาเบาสู้ ค้าพืชผลและของป่า\r\n\r\n			<div class="tt1" style="border-top-left-radius: 5px; border-top-right-radius: 5px; border-bottom-right-radius: 5px; border-bottom-left-radius: 5px; font-size: 1.08em; font-weight: bold; color: rgb(0, 0, 122); margin-top: 15px; margin-bottom: 8px;">อุปนิสัยใจคอ</div>\r\n			ชาวราศีมังกร จะต้องมีเอกลักษณ์ของตัวเองเช่นเดียวกันนั่นก็ได้แก่ เป็นคนที่ชอบเฮฮา ชอบร่าเริง ระรื่นอยู่เป็นนิสัย บางทีชาวราศีมังกรก็ดูเหมือนเด็กๆ เพราะชอบสนุกสนานอยู่เสมอ พูดจากับใครๆที่เป็นคนที่รู้จักมักคุ้นกันมาก่อนก็ชอบติดตลกโปกฮา ชวนให้หัวเราะกันไปหมด มองดูแล้วสนุกอยู่ร่ำไป คนชอบสนุกก็เป็นอย่างนี้นี่เอง ชาวราศีมังกรจะใช้ถ้อยคำที่ชวนหัวอยู่เสมอ มองคนในแง่ดีตลอด มองโลกในแง่ดีเสมอ ซื่อสัตย์สุจริต คบได้ไม่เป็นพิษภัยเป็นภัยแก่ใครๆ แม้ในบางครั้งจะใจร้อยอยู่บ้างก็ตาม แต่ก็เร่าร้อนไปเพียงไม่มากมาย ประเดี๋ยวก็หายไปแล้วไม่ติดใจอะไรมากคนอย่างชาวราศีมังกรเป็นคนที่ไม่ปกปิดความลับกับใครเลยชอบเปิดเผยชอบแจกแจงสี่เบี้ยให้ผู้อื่นฟังโดยไม่คิดมากความลับมักเก็บไม่อยู่มันให้อัดอั้นตันอุรามากจะต้องเปิดเผยออกมาให้หมดทุกสิ่งทุกอย่างจึงจะสบายใจได้คนแบบนี้คบได้ทีเดียวเพราะไม่มีอะไรเป็นความลับ\r\n\r\n			<div class="tt1" style="border-top-left-radius: 5px; border-top-right-radius: 5px; border-bottom-right-radius: 5px; border-bottom-left-radius: 5px; font-size: 1.08em; font-weight: bold; color: rgb(0, 0, 122); margin-top: 15px; margin-bottom: 8px;">รูปลักษณ์</div>\r\n			ชาวราศีมังกรเป็นส่วนใหญ่ จะต้องเป็นผู้ที่มีรูปร่างสันทัดคน ผิวเนื้อดำแดงหรือผิวสองสี นอกนั้นผิด ไม่ถูกต้องตามโฉลก ผิดลักษณะไปจากนี้ก็จะไม่ดีเท่า ถือว่าเป็นผู้ที่แหวกออกไปจากสถิติ ไม่ดี แปลกคนไปทีเดียว พูดจาดี ท่าทางดี ภูมิฐาน น่าเชื่อถือ เดินเหินองอาจ วางมาดดี น่าเชื่อถือ น่าเลื่อมใสศรัทธา เป็นบุคลิกของผู้มีความรู้และมีคุณธรรม ชาวราศีมังกรมีกิริยาอาการคล่องแคล่ว ว่องไว เลยมองดูคล้ายเป็นผู้ที่ไม่เรียบร้อยนัก ซึ่งความจริงเป็นผู้ที่สงบเสงี่ยมเจียมตัวมากกว่า</div>\r\n			</td>\r\n		</tr>\r\n		<tr>\r\n			<td>\r\n			<div class="tt1" style="border-top-left-radius: 5px; border-top-right-radius: 5px; border-bottom-right-radius: 5px; border-bottom-left-radius: 5px; font-size: 1.08em; font-weight: bold; color: rgb(0, 0, 122); margin-top: 15px; margin-bottom: 8px;">ความรัก คู่ครอง</div>\r\n			ชาวราศีมังกรเพศชาย อาภัพคู่พอสมควรทีเดียวที่ว่าอาภัพคู่นั้นมิใช่ว่าจะมีคู่ครองไม่ได้ก็หาไม่ หากแต่หมายความว่า เมื่อมีคู่ครองแล้วมักจะไม่ราบรื่น มีแต่เรื่องหยุมหยิม เรื่องระหองระแหงที่จะมีมา ความไม่เรียบร้อยเกิดขึ้นเสมอ จะด้วยเรื่องความไม่พึงพอใจกันด้วยเรื่องอะไรก็ตาม อาจจะเกิดการเขม่นกันอยู่เสมอก็ได้ ความรักเหือดหายไป รักๆแค้นๆอะไรทำน้องนี้ เพราะชาวราศีมังกรเพศชายก็เป็นผู้ที่มีอะไรๆ นอกบ้านอยู่เสมอ บ้านเล็กบ้านน้อยก็มีอยู่เรื่อย ชาวราศีมังกรเพศหญิง นั้นเรื่องคู่ครองความรักไม่มีอะไรวุ่นวายอย่างเพศชาวราศีเดียวกัน แต่จะมีความสุขกายสบายใจที่มีคู่ครองที่ดี เอาอกเอาใจและเข้าใจกันเสมอในชีวิตนี้ จึงไม่มีอะไรน่าเป็นห่วง เพราะไม่เกิดเรื่องราวมากมายอย่างชาวราศีมังกรเพศชาย ชีวิตที่มีคู่คอรงดี ปราศจากปัญหาจึงราบรื่นโดยตลอด\r\n\r\n			<div class="tt1" style="border-top-left-radius: 5px; border-top-right-radius: 5px; border-bottom-right-radius: 5px; border-bottom-left-radius: 5px; font-size: 1.08em; font-weight: bold; color: rgb(0, 0, 122); margin-top: 15px; margin-bottom: 8px;">สถานที่ถูกโฉลก</div>\r\n			สถานที่ถูกโฉลกและความสัมพันธ์ในทางที่จะให้เกิดประโยชน์กับคนชาติมังกร ได้แก่ ที่เก็บเครื่องมือในการกสิกรรม ที่เลี้ยงแกะ คอกวัว หรือที่ขังลูกวัว โรงขายไม้กระดาน โรงเก็บรถไถนา คอกสัตว์และทุ่งหญ้า ที่เก็บใบเรือ เก็บของชนิดเดียวกัน ห้องใต้ดิน เหมืองแร่ โรงถลุงแร่ โรงถ่าน สำนักงานป่าไม้ สถานที่ใกล้สวนสาธารณะ เตาถ่าน บ้านโบราณ โรงงานปุ๋ย ร้านจำหน่ายพันธ์ไม้ แปลงเพาะต้นไม้ โรงงานเลี้ยงวัว โรงงานผลิตนม บ้านพักคนชรา ไร่นาสวน ร้านขายหีบศพ โรงโม่หิน โรงงานปูนซีเมนต์ โรงงานกระเบื้องเคลือบดินเผา โรงเลื่อยจักร กระทรวงเกษตร กรมที่ดิน</td>\r\n		</tr>\r\n	</tbody>\r\n</table>\r\n', '2014-03-17 16:51:12', '2014-03-17', 1, 'http://morbuu.com/uploads/images/2014-03/capricornio-g.png', 12, 19, 1, 1),
(24, 'ราศีกุมภ์', 'ราศีกุมภ์', '<p>ราศีกุมภ์</p>\r\n', '2014-03-17 16:51:38', '2014-03-17', 1, 'http://morbuu.com/uploads/images/2014-03/aquario-g.png', 0, 19, 1, 1),
(25, 'ราศีมีน', 'ราศีมีน', '<p>ราศีมีน</p>\r\n', '2014-03-17 16:55:17', '2014-03-17', 1, 'http://morbuu.com/uploads/images/2014-03/peixes-g.png', 0, 19, 1, 1),
(26, 'ราศีเมษ', 'ราศีเมษ', '<p>ราศีเมษ</p>\r\n', '2014-03-17 16:56:20', '2014-03-17', 1, 'http://morbuu.com/uploads/images/2014-03/4.png', 0, 19, 1, 1),
(27, 'ราศีพฤษภ', 'ราศีพฤษภ', '<p>ราศีพฤษภ</p>\r\n', '2014-03-17 16:56:44', '2014-03-17', 1, '', 0, 19, 1, 1),
(28, 'ราศีเมถุน', 'ราศีเมถุน', '<p>ราศีเมถุน</p>\r\n', '2014-03-17 16:57:04', '2014-03-17', 1, '', 0, 19, 1, 1),
(29, 'ราศีกรกฎ', 'ราศีกรกฎ', '<p>ราศีกรกฎ</p>\r\n', '2014-03-17 16:57:28', '2014-03-17', 1, '', 0, 19, 1, 1),
(30, 'ราศีสิงห์', 'ราศีสิงห์', '<p>ราศีสิงห์</p>\r\n', '2014-03-17 16:57:50', '2014-03-17', 1, '', 0, 19, 1, 1),
(31, 'ราศีกันย์', 'ราศีกันย์', '<p>ราศีกันย์</p>\r\n', '2014-03-17 16:58:24', '2014-03-17', 1, '', 0, 19, 1, 1),
(32, 'ราศีตุลย์', 'ราศีตุลย์', '<p>ราศีตุลย์</p>\r\n', '2014-03-17 16:58:47', '2014-03-17', 1, '', 0, 19, 1, 1),
(33, 'ราศีพิจิก', 'ราศีพิจิก', '<p>ราศีพิจิก</p>\r\n', '2014-03-17 16:59:11', '2014-03-17', 1, '', 0, 19, 1, 1),
(34, 'ราศีธนู', 'ราศีธนู', '<p>ราศีธนู</p>\r\n', '2014-03-17 16:59:44', '2014-03-17', 1, '', 0, 19, 1, 1);

-- --------------------------------------------------------

--
-- Table structure for table `category`
--

CREATE TABLE IF NOT EXISTS `category` (
  `id` int(11) NOT NULL AUTO_INCREMENT,
  `name` varchar(45) NOT NULL,
  `ordering` int(11) DEFAULT '0',
  `active` tinyint(1) DEFAULT '1',
  `category_id` int(11) DEFAULT NULL,
  `status` tinyint(1) DEFAULT '1',
  PRIMARY KEY (`id`),
  KEY `fk_category_category1_idx` (`category_id`)
) ENGINE=InnoDB  DEFAULT CHARSET=utf8 AUTO_INCREMENT=20 ;

--
-- Dumping data for table `category`
--

INSERT INTO `category` (`id`, `name`, `ordering`, `active`, `category_id`, `status`) VALUES
(1, 'root', 0, 1, NULL, NULL),
(2, 'Talk of the town', 0, 1, NULL, 1),
(3, 'News', 0, 1, NULL, 1),
(4, 'it & phone', 0, 1, NULL, 1),
(5, 'Apple', 0, 1, 4, 1),
(6, 'Samsung', 0, 1, 4, 1),
(7, 'Nokia', 0, 1, 4, 1),
(8, 'Sports', 0, 1, NULL, 1),
(9, 'กีฬาในไทย', 0, 1, 8, 1),
(10, 'ข่าวกีฬาต่างประเทศ', 0, 1, 8, 1),
(11, 'Movie', 0, 1, NULL, 1),
(12, 'Mv Music', 0, 1, NULL, 1),
(13, 'Travel', 0, 1, NULL, 1),
(14, 'เที่ยวในประเทศ', 0, 1, 13, 1),
(15, 'เที่ยวต่างประเทศ', 0, 1, 13, 1),
(16, 'หอพัก / ร้านอาหาร / ร้านค้า', 0, 1, NULL, 1),
(17, 'MorBuu Boy & Girl', 0, 1, NULL, 1),
(18, 'VIDEO CLIP', 0, 1, NULL, 1),
(19, 'Horoscope', 0, 1, NULL, 1);

-- --------------------------------------------------------

--
-- Table structure for table `control`
--

CREATE TABLE IF NOT EXISTS `control` (
  `id` int(11) NOT NULL AUTO_INCREMENT,
  `name` varchar(255) NOT NULL,
  `control_name` varchar(255) NOT NULL,
  PRIMARY KEY (`id`)
) ENGINE=InnoDB DEFAULT CHARSET=utf8 AUTO_INCREMENT=1 ;

-- --------------------------------------------------------

--
-- Table structure for table `permission`
--

CREATE TABLE IF NOT EXISTS `permission` (
  `id` int(11) NOT NULL AUTO_INCREMENT,
  `user_group_id` int(11) NOT NULL,
  `action_index` tinyint(1) DEFAULT '0',
  `action_create` tinyint(1) DEFAULT '0',
  `action_update` tinyint(1) DEFAULT '0',
  `action_delete` tinyint(1) DEFAULT '0',
  `controller_id` int(11) NOT NULL,
  PRIMARY KEY (`id`),
  KEY `fk_permission_user_group1_idx` (`user_group_id`),
  KEY `fk_permission_controller1_idx` (`controller_id`)
) ENGINE=InnoDB DEFAULT CHARSET=utf8 AUTO_INCREMENT=1 ;

-- --------------------------------------------------------

--
-- Table structure for table `tag`
--

CREATE TABLE IF NOT EXISTS `tag` (
  `id` int(11) NOT NULL AUTO_INCREMENT,
  `name` varchar(45) NOT NULL,
  `article_id` int(11) NOT NULL,
  PRIMARY KEY (`id`),
  KEY `fk_tag_article1_idx` (`article_id`)
) ENGINE=InnoDB DEFAULT CHARSET=utf8 AUTO_INCREMENT=1 ;

-- --------------------------------------------------------

--
-- Table structure for table `user`
--

CREATE TABLE IF NOT EXISTS `user` (
  `id` int(11) NOT NULL AUTO_INCREMENT,
  `email` varchar(255) NOT NULL,
  `password` varchar(255) DEFAULT NULL,
  `fname` varchar(255) DEFAULT NULL,
  `lname` varchar(255) DEFAULT NULL,
  `gender` varchar(45) DEFAULT NULL,
  `birthday` varchar(45) DEFAULT NULL,
  `created` timestamp NULL DEFAULT NULL,
  `updated` timestamp NULL DEFAULT NULL,
  `active` tinyint(1) DEFAULT '1',
  `activate_mail` tinyint(1) DEFAULT NULL,
  `acc_status` tinyint(1) DEFAULT NULL,
  `user_group_id` int(11) DEFAULT '3',
  PRIMARY KEY (`id`),
  KEY `fk_user_user_group_idx` (`user_group_id`)
) ENGINE=InnoDB  DEFAULT CHARSET=utf8 AUTO_INCREMENT=3 ;

--
-- Dumping data for table `user`
--

INSERT INTO `user` (`id`, `email`, `password`, `fname`, `lname`, `gender`, `birthday`, `created`, `updated`, `active`, `activate_mail`, `acc_status`, `user_group_id`) VALUES
(1, 'apichart@1moby.com', NULL, 'Apichart', 'Khairavi', 'm', NULL, '2014-03-03 08:27:59', '2014-03-03 08:27:59', 1, NULL, 1, 3),
(2, 'aslovechart@gmail.com', NULL, 'Apichart', 'aslovechart', 'm', NULL, '2014-03-11 04:47:08', '2014-03-11 04:47:08', 1, NULL, 1, 3);

-- --------------------------------------------------------

--
-- Table structure for table `user_group`
--

CREATE TABLE IF NOT EXISTS `user_group` (
  `id` int(11) NOT NULL AUTO_INCREMENT,
  `name` varchar(255) NOT NULL,
  `active` tinyint(1) DEFAULT '1',
  PRIMARY KEY (`id`)
) ENGINE=InnoDB  DEFAULT CHARSET=utf8 AUTO_INCREMENT=4 ;

--
-- Dumping data for table `user_group`
--

INSERT INTO `user_group` (`id`, `name`, `active`) VALUES
(1, 'admin', 1),
(2, 'staff', 1),
(3, 'guest', 1);

-- --------------------------------------------------------

--
-- Table structure for table `user_oauth`
--

CREATE TABLE IF NOT EXISTS `user_oauth` (
  `user_id` int(11) NOT NULL,
  `provider` varchar(45) NOT NULL,
  `identifier` varchar(64) NOT NULL,
  `profile_cache` text,
  `session_data` text,
  PRIMARY KEY (`provider`,`identifier`),
  UNIQUE KEY `unic_user_id_name` (`user_id`,`provider`),
  KEY `oauth_user_id` (`user_id`)
) ENGINE=InnoDB DEFAULT CHARSET=utf8;

--
-- Dumping data for table `user_oauth`
--

INSERT INTO `user_oauth` (`user_id`, `provider`, `identifier`, `profile_cache`, `session_data`) VALUES
(1, 'Google', '100538241354496249257', 'a:22:{s:10:"identifier";s:21:"100538241354496249257";s:10:"webSiteURL";N;s:10:"profileURL";s:49:"https://profiles.google.com/100538241354496249257";s:8:"photoURL";s:92:"https://lh3.googleusercontent.com/-XdUIqdMkCWA/AAAAAAAAAAI/AAAAAAAAAAA/4252rscbv5M/photo.jpg";s:11:"displayName";s:17:"Apichart Khairavi";s:11:"description";N;s:9:"firstName";s:8:"Apichart";s:8:"lastName";s:8:"Khairavi";s:6:"gender";s:4:"male";s:8:"language";s:2:"en";s:3:"age";N;s:8:"birthDay";N;s:10:"birthMonth";N;s:9:"birthYear";N;s:5:"email";s:18:"apichart@1moby.com";s:13:"emailVerified";s:18:"apichart@1moby.com";s:5:"phone";N;s:7:"address";N;s:7:"country";N;s:6:"region";N;s:4:"city";N;s:3:"zip";N;}', 'a:5:{s:39:"hauth_session.google.token.access_token";s:87:"s:79:"ya29.1.AADtN_WJ9d-k9_JQIGBiluiTh8FBnl4pmpAFhWqfZ4NEiKFZrgKv8aixIVLtPo-DNvwrC3MN";";s:40:"hauth_session.google.token.refresh_token";s:7:"s:0:"";";s:37:"hauth_session.google.token.expires_in";s:7:"i:3596;";s:37:"hauth_session.google.token.expires_at";s:13:"i:1395077300;";s:33:"hauth_session.google.is_logged_in";s:4:"i:1;";}'),
(2, 'Google', '103850887736492617377', 'a:22:{s:10:"identifier";s:21:"103850887736492617377";s:10:"webSiteURL";N;s:10:"profileURL";s:49:"https://profiles.google.com/103850887736492617377";s:8:"photoURL";s:92:"https://lh3.googleusercontent.com/-GUvDPYliI8o/AAAAAAAAAAI/AAAAAAAAAIY/H51WUDva588/photo.jpg";s:11:"displayName";s:20:"Apichart aslovechart";s:11:"description";N;s:9:"firstName";s:8:"Apichart";s:8:"lastName";s:11:"aslovechart";s:6:"gender";s:4:"male";s:8:"language";s:2:"en";s:3:"age";N;s:8:"birthDay";N;s:10:"birthMonth";N;s:9:"birthYear";N;s:5:"email";s:21:"aslovechart@gmail.com";s:13:"emailVerified";s:21:"aslovechart@gmail.com";s:5:"phone";N;s:7:"address";N;s:7:"country";N;s:6:"region";N;s:4:"city";N;s:3:"zip";N;}', 'a:5:{s:39:"hauth_session.google.token.access_token";s:79:"s:71:"ya29.1.AADtN_UV7ZheADe76JaGaDIlGS3PufnD_CM_FEk8TrZJn3GjZ5QhoAKa8JmATz9k";";s:40:"hauth_session.google.token.refresh_token";s:7:"s:0:"";";s:37:"hauth_session.google.token.expires_in";s:7:"i:3598;";s:37:"hauth_session.google.token.expires_at";s:13:"i:1394516824;";s:33:"hauth_session.google.is_logged_in";s:4:"i:1;";}');

--
-- Constraints for dumped tables
--

--
-- Constraints for table `article`
--
ALTER TABLE `article`
  ADD CONSTRAINT `fk_article_category1` FOREIGN KEY (`category_id`) REFERENCES `category` (`id`) ON DELETE NO ACTION ON UPDATE CASCADE,
  ADD CONSTRAINT `fk_article_user1` FOREIGN KEY (`user_id`) REFERENCES `user` (`id`) ON DELETE NO ACTION ON UPDATE CASCADE;

--
-- Constraints for table `category`
--
ALTER TABLE `category`
  ADD CONSTRAINT `fk_category_category1` FOREIGN KEY (`category_id`) REFERENCES `category` (`id`) ON DELETE NO ACTION ON UPDATE CASCADE;

--
-- Constraints for table `permission`
--
ALTER TABLE `permission`
  ADD CONSTRAINT `fk_permission_controller1` FOREIGN KEY (`controller_id`) REFERENCES `control` (`id`) ON DELETE CASCADE ON UPDATE CASCADE,
  ADD CONSTRAINT `fk_permission_user_group1` FOREIGN KEY (`user_group_id`) REFERENCES `user_group` (`id`) ON DELETE CASCADE ON UPDATE CASCADE;

--
-- Constraints for table `tag`
--
ALTER TABLE `tag`
  ADD CONSTRAINT `fk_tag_article1` FOREIGN KEY (`article_id`) REFERENCES `article` (`id`) ON DELETE CASCADE ON UPDATE CASCADE;

--
-- Constraints for table `user`
--
ALTER TABLE `user`
  ADD CONSTRAINT `fk_user_user_group` FOREIGN KEY (`user_group_id`) REFERENCES `user_group` (`id`) ON DELETE NO ACTION ON UPDATE CASCADE;

/*!40101 SET CHARACTER_SET_CLIENT=@OLD_CHARACTER_SET_CLIENT */;
/*!40101 SET CHARACTER_SET_RESULTS=@OLD_CHARACTER_SET_RESULTS */;
/*!40101 SET COLLATION_CONNECTION=@OLD_COLLATION_CONNECTION */;
